num_steps,base_time_ms,rect_time_ms,base_img_per_sec,rect_img_per_sec,speedup
1,68.26458835601807,71.95791816711424,14.648883470661726,13.897011273694874,0.948673753977723
2,137.89192295074463,138.0816249847412,7.252056383006587,7.242093219213675,0.9986261601859223
4,272.96177101135254,276.04174518585205,3.6635166759612274,3.6226404789852524,0.9888423608812289
8,543.3138198852539,542.3510313034058,1.8405568998984725,1.8438242803682863,1.001775212964073
16,1088.806396484375,1088.2014894485474,0.9184369261871347,0.9189474648732158,1.0005558777870578
32,2161.318507194519,2163.7196893692017,0.4626805335128701,0.4621670750204867,0.9988902526577356
64,4334.30567741394,4325.687249183656,0.2307174607483266,0.2311771384278233,1.0019923835760227
100,6777.176857948303,6785.80251789093,0.14755406579469674,0.14736650489952752,0.9987288666418032
